J692itDfQ2d815@139.com,8vxIsUF1,B00DU5CL0E;B01EFDTHHE;B008MTPEKC;B00C19T9KU,1;1;1;1,上海,上海市,南汇区,航头镇航兴北路1945号,201300,屈碴,15778276344
iTdg4a047Ik@139.com,703s0f,B00DU5CL0E;B01EFDTHHE;B008MTPEKC;B00C19T9KU,1;1;1;1,上海,上海市,南汇区,航头镇盛高路1274号,201300,贾黑,15057159913
gqBdo8a4@139.com,81IsvFq,B00DU5CL0E;B01EFDTHHE;B008MTPEKC;B00C19T9KU,1;1;1;1,上海,上海市,南汇区,航头镇航吉路1252号,201300,刁披,15940837077
603Gqb69Y692@139.com,yiTvfQ5D2,B00DU5CL0E;B01EFDTHHE;B008MTPEKC;B00C19T9KU,1;1;1;1,上海,上海市,南汇区,航头镇海洲桃花园1648号,201300,郎宦,18780515317
581AKnXIkU714c0@139.com,470mwZj7,B00DU5CL0E;B01EFDTHHE;B008MTPEKC;B00C19T9KU,1;1;1;1,上海,上海市,南汇区,航头镇海洲桃花园1415号,201300,封踏,18635882982
qScnP5k2x82u@139.com,8hrCe4,B00DU5CL0E;B01EFDTHHE;B008MTPEKC;B00C19T9KU,1;1;1;1,上海,上海市,南汇区,航头镇牌楼村1457号,201300,敖惜,18612452677
1Ep04m0z@139.com,70wHRtE,B00DU5CL0E;B01EFDTHHE;B008MTPEKC;B00C19T9KU,1;1;1;1,上海,上海市,南汇区,航头镇枫林雅苑1795号,201300,楼税,15952518792
1L714sDFpA@139.com,3n037U36,B00L9RA02G;B001149NPM;B01EFDTHHE;B00410MEL8,1;1;2;1,上海,上海市,南汇区,航头镇海洲桃花园1245号,201300,桂汛,18129569987
360wGjtE9Q692@139.com,5aLvyI,B00L9RA02G;B001149NPM;B01EFDTHHE;B00410MEL8,1;1;2;1,上海,上海市,南汇区,航头镇商城路1281号,201300,宫敦,13682088215
8z48wGrtE7Q@139.com,470yjLvgI,B00L9RA02G;B001149NPM;B01EFDTHHE;B00410MEL8,1;1;2;1,上海,上海市,南汇区,航头镇航梅路1241号,201300,聂绪,13220691670
eoQbl2y8258@139.com,qtDnQA14,B00L9RA02G;B001149NPM;B01EFDTHHE;B00410MEL8,1;1;2;1,上海,上海市,南汇区,航头镇航梅路1508号,201300,胡蓄,15864484056
G1b815AlVX@139.com,1S7147CN,B00L9RA02G;B001149NPM;B01EFDTHHE;B00410MEL8,1;1;2;1,上海,上海市,南汇区,航头镇南航路1930号,201300,植格,18635334607
PrcMpZJ7@139.com,0h703G,B00L9RA02G;B001149NPM;B01EFDTHHE;B00410MEL8,1;1;2;1,上海,上海市,南汇区,航头镇航中路1602号,201300,龚淤,15360597285
3Y036g3TdOQaL5@139.com,9I5v25SCf,B00L9RA02G;B001149NPM;B01EFDTHHE;B00410MEL8,1;1;2;1,上海,上海市,南汇区,航头镇航头路158弄1531号,201300,华垢,18190787308
Q1K714kuFhSC7@139.com,037M3ZJu,B00L9RA02G;B001149NPM;B01EFDTHHE;B00410MEL8,1;1;2;1,上海,上海市,南汇区,航头镇航头北路1416号,201300,党沸,18619033172
be0y603Yit@139.com,VgQS92,B00L9RA02G;B001149NPM;B01EFDTHHE;B00410MEL8,1;1;2;1,上海,上海市,南汇区,航头镇航川路1240号,201300,郁步,18747596796
bdO9A692isV@139.com,fqSd82,B00L9RA02G;B001149NPM;B01EFDTHHE;B00410MEL8,1;1;2;1,上海,上海市,南汇区,航头镇航定路1421号,201300,杨瞎,15996022278
Qb825A1581SV@139.com,fP7c47,B00L9RA02G;B001149NPM;B01EFDTHHE;B00410MEL8,1;1;2;1,上海,上海市,南汇区,航头镇飞桥村1247号,201300,司靡,15740556202
u481CmpZ7M4h0@139.com,ueHrbE3Z0,B00L9RA02G;B001149NPM;B01EFDTHHE;B00410MEL8,1;1;2;1,上海,上海市,南汇区,航头镇下沙路1569号,201300,詹佣,15931415736
259QtDNqAl@139.com,n81k8148c,B00L9RA02G;B001149NPM;B01EFDTHHE;B00410MEL8,1;1;2;1,上海,上海市,南汇区,航头镇航头路158弄1959号,201300,花土,13631905260
oRBlOyj693I926@139.com,qAdnY5K25,B00L9RA02G;B001149NPM;B01EFDTHHE;B00410MEL8,1;1;2;1,上海,上海市,南汇区,航头镇航鹤路78弄1445号,201300,柯橇,15821213295
7036OzBMwY936g2@139.com,692qaLn9,B00L9RA02G;B001149NPM;B01EFDTHHE;B00410MEL8,1;1;2;1,上海,上海市,南汇区,航头镇海洲桃花园1802号,201300,匡传,13961215209
n25kUfHS5E15@139.com,8mwZjUW14,B00L9RA02G;B001149NPM;B01EFDTHHE;B00410MEL8,1;1;2;1,上海,上海市,南汇区,航头镇航达路1815号,201300,刁均,18273870623
036CePzc6w26@139.com,9WgrTeo,B00410MEL8;B00LZLU1DE;B00457W5DO;B00JOERUQU,1;1;2;1,上海,上海市,南汇区,航头镇下沙新街1842号,201300,郭奄,15123160693
H93E9269OZj@139.com,L5g258,B00410MEL8;B00LZLU1DE;B00457W5DO;B00JOERUQU,1;1;2;1,上海,上海市,南汇区,航头镇航头路158弄1831号,201300,陆邵,15931348861
0j703QBd@139.com,Oy3L93,B00410MEL8;B00LZLU1DE;B00457W5DO;B00JOERUQU,1;1;2;1,上海,上海市,南汇区,航头镇航达路1382号,201300,鲁酋,18884618763
47WgrTeO036@139.com,0y6936qTD,B00410MEL8;B00LZLU1DE;B00457W5DO;B00JOERUQU,1;1;2;1,上海,上海市,南汇区,航头镇航都路1743号,201300,符苹,18129719787
V59S5825Cnx@139.com,81u8148eP,B00410MEL8;B00LZLU1DE;B00457W5DO;B00JOERUQU,1;1;2;1,上海,上海市,南汇区,航头镇航鹤路78弄1769号,201300,占指,18231929335
2e9R58O5J@139.com,25Git8,B00410MEL8;B00LZLU1DE;B00457W5DO;B00JOERUQU,1;1;2;1,上海,上海市,南汇区,航头镇下沙路1694号,201300,兰勾,15965380180
7y4704iTv70s6@139.com,03AknXi3U,B00JOERUQU;B00AE1BOBY;B00410MEL8,1;4;1,上海,上海市,南汇区,航头镇下沙老街1439号,201300,揭袭,13853821516
ITvGq9258A5@139.com,NxiKvf8,B00JOERUQU;B00AE1BOBY;B00410MEL8,1;4;1,上海,上海市,南汇区,航头镇沿江村1736号,201300,公剑,13214277026
471Y7LVgITd@139.com,F3a0360kV,B00JOERUQU;B00AE1BOBY;B00410MEL8,1;4;1,上海,上海市,南汇区,航头镇航头大道1509号,201300,乐谩,18158882611
481G8t47y4l@139.com,04iSv70s,B00JOERUQU;B00AE1BOBY;B00410MEL8,1;4;1,上海,上海市,南汇区,航头镇航头路988弄1853号,201300,江醒,15876414545
4C1X71UwHRuE@139.com,4r03o0360,B00JOERUQU;B00AE1BOBY;B00410MEL8,1;4;1,上海,上海市,南汇区,航头镇航达路1706号,201300,甘汲,15768239753
4Qs471A7NXiKVf@139.com,H3c0360m,B00JOERUQU;B00AE1BOBY;B00410MEL8,1;4;1,上海,上海市,南汇区,航头镇航头路158弄1277号,201300,潘芳,13855948139
4S147aCnXAkU@139.com,X70u7Pr,B00JOERUQU;B00AE1BOBY;B00410MEL8,1;4;1,上海,上海市,南汇区,航头镇航兴北路1363号,201300,田兼,18533058184
4u0470epRbMO369@139.com,3G9369QB9,B00JOERUQU;B00AE1BOBY;B00410MEL8,1;4;1,上海,上海市,南汇区,航头镇盛高路1310号,201300,闻柏,18544025674
692q9258AlV2@139.com,5S1581C,B00JOERUQU;B00AE1BOBY;B00410MEL8,1;4;1,上海,上海市,南汇区,航头镇下沙路1509号,201300,龚莫,13095468554
693U9p69MOz@139.com,25w258,B00JOERUQU;B00AE1BOBY;B00410MEL8,1;4;1,上海,上海市,南汇区,航头镇呈祥港路1269号,201300,楼第,18536182581
6whJu2G925oYbL@139.com,WyI258,B00DU5CL0E;B00G3TNOCS;B00L9OAWT0;B00GSEL9AW;B00D75SS9K;B001174FAC,2;1;1;1;2;1,上海,上海市,南汇区,航头镇下沙镇沪南公路5216弄1989号,201300,霍锋,13973528223
7037K360@139.com,sUfpR9m,B00DU5CL0E;B00G3TNOCS;B00L9OAWT0;B00GSEL9AW;B00D75SS9K;B001174FAC,2;1;1;1;2;1,上海,上海市,南汇区,航头镇航鹤路78弄1530号,201300,史冷,18515561025
7Rba2vXI@139.com,sUF58c5P,B00DU5CL0E;B00G3TNOCS;B00L9OAWT0;B00GSEL9AW;B00D75SS9K;B001174FAC,2;1;1;1;2;1,上海,上海市,南汇区,航头镇航吉路1314号,201300,邵赵,18858513461
814w1471GrBDo0b@139.com,l03ITdF,B00DU5CL0E;B00G3TNOCS;B00L9OAWT0;B00GSEL9AW;B00D75SS9K;B001174FAC,2;1;1;1;2;1,上海,上海市,南汇区,航头镇航园路1847号,201300,邵提,15968903152
8knXhKUf481E@139.com,p147WZjT3,B00DU5CL0E;B00G3TNOCS;B00L9OAWT0;B00GSEL9AW;B00D75SS9K;B001174FAC,2;1;1;1;2;1,上海,上海市,南汇区,航头镇航梅路1972号,201300,尚斩,13093357980
8sCfpAcm470U7@139.com,037EoRB3,B00DU5CL0E;B00G3TNOCS;B00L9OAWT0;B00GSEL9AW;B00D75SS9K;B001174FAC,2;1;1;1;2;1,上海,上海市,南汇区,航头镇檀香村1696号,201300,史刊,15074641022
9E6r26wYj@139.com,tW5Q25,B00457W5DO;B015FSPK5Q;B00M7SUBHK;B0140XY4LS,1;1;1;2,上海,上海市,南汇区,航头镇下沙镇沪南公路5216弄1647号,201300,聂嚎,13753024366
9NpaKmX@139.com,25U2hRc,B00457W5DO;B015FSPK5Q;B00M7SUBHK;B0140XY4LS,1;1;1;2,上海,上海市,南汇区,航头镇航中路1725号,201300,程函,13871551400
b6OzBlwY9269Q69@139.com,OyaLv8I5V,B00457W5DO;B015FSPK5Q;B00M7SUBHK;B0140XY4LS,1;1;1;2,上海,上海市,南汇区,航头镇航盛路1503号,201300,南酗,15136471481
e2z825YjtVgQT@139.com,d47a471,B00457W5DO;B015FSPK5Q;B00M7SUBHK;B0140XY4LS,1;1;1;2,上海,上海市,南汇区,航头镇沿江村1318号,201300,景捶,15269272302
h48e4zbMw@139.com,0J70G703,B00457W5DO;B015FSPK5Q;B00M7SUBHK;B0140XY4LS,1;1;1;2,上海,上海市,南汇区,航头镇南航路1458号,201300,戴茂,18949589669
MWgJt3G9B@139.com,DoYilVg8S,B00457W5DO;B015FSPK5Q;B00M7SUBHK;B0140XY4LS,1;1;1;2,上海,上海市,南汇区,航头镇航达路1459号,201300,覃袜,13670256701
nXakUxH4u0p70mw@139.com,ZjUW3R,B00457W5DO;B015FSPK5Q;B00M7SUBHK;B0140XY4LS,1;1;1;2,上海,上海市,南汇区,航头镇鹤立东路1829号,201300,戴豪,18189623684
o4j147QTdN3a@139.com,0370kVF,B00457W5DO;B015FSPK5Q;B00M7SUBHK;B0140XY4LS,1;1;1;2,上海,上海市,南汇区,航头镇枫林雅苑1822号,201300,廉饥,13969440827
p25m2582wHj58@139.com,1R814Y,B00SMCGCFU;B00F5KYNBM;B001149NPM,2;6;1,上海,上海市,南汇区,航头镇下沙新街1926号,201300,蔺憾,13321737594
p25MWzJu5H148o@139.com,4814yj,B00SMCGCFU;B00F5KYNBM;B001149NPM,2;6;1,上海,上海市,南汇区,航头镇檀香村1489号,201300,柴均,18923717092
q0D703kVxI0u@139.com,693CmpZ,B00SMCGCFU;B00F5KYNBM;B001149NPM,2;6;1,上海,上海市,南汇区,航头镇航头路158弄1508号,201300,卓蜂,13993834130
q7L370kVFiSc369@139.com,2MxZKu,B00SMCGCFU;B00F5KYNBM;B001149NPM,2;6;1,上海,上海市,南汇区,航头镇鹤楼路1359号,201300,封委,13865187580
qSd481K814@139.com,kuFhS4e0,B00SMCGCFU;B00F5KYNBM;B001149NPM,2;6;1,上海,上海市,南汇区,航头镇商城路1435号,201300,耿臃,18233740308
R9EPrBm@139.com,oZ582g82,B00SMCGCFU;B00F5KYNBM;B001149NPM,2;6;1,上海,上海市,南汇区,航头镇航业路1975号,201300,巩陆,15888013335
tdN3A036@139.com,9kVfHSc26,B00SMCGCFU;B00F5KYNBM;B001149NPM,2;6;1,上海,上海市,南汇区,航头镇航南公路1360号,201300,成滥,15181004841
w2i925QBdNyaL@139.com,148s4814c,B00SMCGCFU;B00F5KYNBM;B001149NPM,2;6;1,上海,上海市,南汇区,航头镇鹤楼路1883号,201300,施际,13266404704
W369eOr@139.com,BMo2J92g,B00SMCGCFU;B00F5KYNBM;B001149NPM,2;6;1,上海,上海市,南汇区,航头镇呈祥港路1302号,201300,燕伯,15917075073
xHK3F036epZbMW@139.com,h25e2r92,B00SMCGCFU;B00F5KYNBM;B001149NPM,2;6;1,上海,上海市,南汇区,航头镇下沙路1451号,201300,叶导,15945689523
ybLv8I5815S@139.com,dnPaK814,B00SMCGCFU;B00F5KYNBM;B001149NPM,2;6;1,上海,上海市,南汇区,航头镇下沙镇沪南公路5216弄1879号,201300,艾炊,18896217553
yJtV2q8258alNx@139.com,IK147s4f,B00SMCGCFU;B00F5KYNBM;B001149NPM,2;6;1,上海,上海市,南汇区,航头镇航梅路1719号,201300,祝氰,18651884817
z70wHRtE@139.com,or69O6jL,B00SMCGCFU;B00F5KYNBM;B001149NPM,2;6;1,上海,上海市,南汇区,航头镇富航路1286号,201300,卜莹,15618506197
hrCePZ92w925@139.com,WGrBE5Y,B00SMCGCFU;B00F5KYNBM;B001149NPM,2;6;1,上海,上海市,南汇区,航头镇航达路1742号,201300,文泡,13496546578
HrcEpzB1W8147g@139.com,RbEOy037,B00SMCGCFU;B00F5KYNBM;B001149NPM,2;6;1,上海,上海市,南汇区,航头镇下沙新街200弄1502号,201300,仲痞,18931942710
IsDf36c269@139.com,KUxHru2p8,B00SMCGCFU;B00F5KYNBM;B001149NPM,2;6;1,上海,上海市,南汇区,航头镇航都路1638号,201300,鲁赋,18671176900
lvYiT258s5814K@139.com,vX8s4f14,B00SMCGCFU;B00F5KYNBM;B001149NPM,2;6;1,上海,上海市,南汇区,航头镇航头路1652号,201300,芦素,13946941422
n03kMxHKu6H@139.com,36e3ZbM,B00SMCGCFU;B00F5KYNBM;B001149NPM,2;6;1,上海,上海市,南汇区,航头镇航帆路1945号,201300,孔从,13052280717
nXIk0f70cePzC@139.com,0w693W,B00SMCGCFU;B00F5KYNBM;B001149NPM,2;6;1,上海,上海市,南汇区,航头镇航达路1738号,201300,游陀,13919889171
uEprC7O@139.com,Z70whJteG,B00SMCGCFU;B00F5KYNBM;B001149NPM,2;6;1,上海,上海市,南汇区,航头镇下沙老街1613号,201300,马迭,18584254964
O714wYJtW4r037@139.com,QbLNyI,B0140XY4LS;B00L9OAWT0;B00F5KYNBM,1;1;4,上海,上海市,南汇区,航头镇航鸣路1909号,201300,艾力,18274967372
2bDOyA15@139.com,8i5VfQSdN,B0140XY4LS;B00L9OAWT0;B00F5KYNBM,1;1;4,上海,上海市,南汇区,航头镇东升家园1961号,201300,卜妮,18155592364
V7I3v03sDnPA3N9@139.com,36uFHrCEp,B0140XY4LS;B00L9OAWT0;B00F5KYNBM,1;1;4,上海,上海市,南汇区,航头镇呈祥港路1781号,201300,甘画,13218979672
PrCM7037W@139.com,3603Grb,B0140XY4LS;B00L9OAWT0;B00F5KYNBM,1;1;4,上海,上海市,南汇区,航头镇海桥村1585号,201300,牛甲,13469277652
5PzJMw4714g047@139.com,OybL37I36,B0140XY4LS;B00L9OAWT0;B00F5KYNBM,1;1;4,上海,上海市,南汇区,航头镇东升家园1484号,201300,占居,15987630811
703iTvF0s603@139.com,6knXhKU92,B0140XY4LS;B00L9OAWT0;B00F5KYNBM,1;1;4,上海,上海市,南汇区,航头镇鹤立东路1343号,201300,谭袱,13757959737
7QBdNYaL@139.com,37I3V03Sc,B0140XY4LS;B00L9OAWT0;B00F5KYNBM,1;1;4,上海,上海市,南汇区,航头镇呈祥港路1775号,201300,符坡,15821063495
2582eH15@139.com,8o4814Y,B0140XY4LS;B00L9OAWT0;B00F5KYNBM,1;1;4,上海,上海市,南汇区,航头镇东升家园1372号,201300,牛兴,15642500926
zJU7H370@139.com,oRBlOy36,B0140XY4LS;B00L9OAWT0;B00F5KYNBM,1;1;4,上海,上海市,南汇区,航头镇航吉路1961号,201300,全铣,15848813920
8C581c8xZKu@139.com,WH14e1R7,B0140XY4LS;B00L9OAWT0;B00F5KYNBM,1;1;4,上海,上海市,南汇区,航头镇商城路1996号,201300,尤妆,15984806013
92Cn259M58@139.com,JuEHrB1o8,B00DU5CL0E;B01EFDTHHE;B008MTPEKC;B00C19T9KU,1;1;1;1,上海,上海市,南汇区,航头镇鹤立东路1734号,201300,邝沥,15974469822
x36u2692MpZ5@139.com,9W5825G,B00DU5CL0E;B01EFDTHHE;B008MTPEKC;B00C19T9KU,1;1;1;1,上海,上海市,南汇区,航头镇航中路1943号,201300,路耻,15750127344
S6f259Mx@139.com,zJ5W25,B001P81FXW;B005DRCPVM,14;1,上海,上海市,南汇区,航头镇航帆路1454号,201300,鄢谣,15360032860
4G147oYbL@139.com,Wy0370q6,B001P81FXW;B005DRCPVM,14;1,上海,上海市,南汇区,航头镇航鹤路78弄1433号,201300,焦坞,13641941851
bLo1J70@139.com,4iTdfQad0,B001P81FXW;B005DRCPVM,14;1,上海,上海市,南汇区,航头镇航头北路1755号,201300,许刮,13347227646
fpA3M036Uw@139.com,HrcE9Z,B001P81FXW;B005DRCPVM,14;1,上海,上海市,南汇区,航头镇航园路1449号,201300,门夫,18521060820
g7A360aK@139.com,vfIs2F92,B001P81FXW;B005DRCPVM,14;1,上海,上海市,南汇区,航头镇航头路158弄1490号,201300,江谣,18862983382
XHg047O3bLoyIl@139.com,V0i6936aL,B001P81FXW;B005DRCPVM,14;1,上海,上海市,南汇区,航头镇航头大道1751号,201300,齐易,15397437352
4704m037@139.com,0wHRtEor6,B001P81FXW;B005DRCPVM,14;1,上海,上海市,南汇区,航头镇航川路1534号,201300,曲栏,13452013217
92O9259Y@139.com,jLW5I258,B001P81FXW;B005DRCPVM,14;1,上海,上海市,南汇区,航头镇鹤楼路1507号,201300,阎砒,15632298485
3F936mXZk2w9@139.com,25EOzBMwY, ,2;5;1,上海,上海市,南汇区,航头镇下沙路1750号,201300,闻当,15261595059
l925S2582c@139.com,8158m481,B00KZ6YWDU;B001P81FXW;B00410MEL8,2;5;1,上海,上海市,南汇区,航头镇东升家园1912号,201300,崔琐,13547093897
grTeO2b8@139.com,2yJlvGiT8,B00KZ6YWDU;B001P81FXW;B00410MEL8,2;5;1,上海,上海市,南汇区,航头镇枫林雅苑1869号,201300,齐吊,18586681186
1M7047WH@139.com,rBeo0360,B00KZ6YWDU;B001P81FXW;B00410MEL8,2;5;1,上海,上海市,南汇区,航头镇航头路1528弄1324号,201300,奚油,15860262910
rT2o8158yJLvGI1@139.com,471A704,B00KZ6YWDU;B001P81FXW;B00410MEL8,2;5;1,上海,上海市,南汇区,航头镇航达路1484号,201300,景芥,15820349270
2VfI5c258CmXZ@139.com,5Uw581,B00KZ6YWDU;B001P81FXW;B00410MEL8,2;5;1,上海,上海市,南汇区,航头镇航头路988弄1982号,201300,柏络,13277786819
U5H258OrBl5Y14@139.com,81ItdGqa4,B00KZ6YWDU;B001P81FXW;B00410MEL8,2;5;1,上海,上海市,南汇区,航头镇下沙新街1345号,201300,翟嗣,13258561611
5m258U5@139.com,825Eoz81,B00KZ6YWDU;B001P81FXW;B00410MEL8,2;5;1,上海,上海市,南汇区,航头镇盛高路1278号,201300,党钝,18884220189
o147oYjL4g@139.com,J370qBDnY,B00KZ6YWDU;B001P81FXW;B00410MEL8,2;5;1,上海,上海市,南汇区,航头镇航南路1989号,201300,冯鸳,18522074644
o2a925IKvFi5C15@139.com,8cMXzKu1H,B00KZ6YWDU;B001P81FXW;B00410MEL8,2;5;1,上海,上海市,南汇区,航头镇航中路1423号,201300,谭衰,13655584339
o8alNyIK1@139.com,48s4fpAkN,B00JOERUQU;B00EI6DH8E;B00DQID0P0;B0012ZZ1W4;B00410MEL8,1;1;1;1;1,上海,上海市,南汇区,航头镇航吉路1870号,201300,臧撼,15665083256
592o8J58G@139.com,5TdoQa4,B00JOERUQU;B00EI6DH8E;B00DQID0P0;B0012ZZ1W4;B00410MEL8,1;1;1;1;1,上海,上海市,南汇区,航头镇航川路1351号,201300,崔怖,15690091808
1471I70@139.com,FqAdnX3k0,B00JOERUQU;B00EI6DH8E;B00DQID0P0;B0012ZZ1W4;B00410MEL8,1;1;1;1;1,上海,上海市,南汇区,航头镇航头路988弄1757号,201300,柏物,15187684310
1sC148c4x@139.com,zKuWHr0E,B00JOERUQU;B00EI6DH8E;B00DQID0P0;B0012ZZ1W4;B00410MEL8,1;1;1;1;1,上海,上海市,南汇区,航头镇航头路988弄1747号,201300,原揭,15294430654
XzJUwH5@139.com,92o8258,B00JOERUQU;B00EI6DH8E;B00DQID0P0;B0012ZZ1W4;B00410MEL8,1;1;1;1;1,上海,上海市,南汇区,航头镇牌楼村1235号,201300,楼衬,15652371667
pRcmOz04w0@139.com,370gqBd6,B00JOERUQU;B00EI6DH8E;B00DQID0P0;B0012ZZ1W4;B00410MEL8,1;1;1;1;1,上海,上海市,南汇区,航头镇航头路1528弄1878号,201300,苗豌,18290337908
pScMPz8M@139.com,5815EhR,B00JOERUQU;B00EI6DH8E;B00DQID0P0;B0012ZZ1W4;B00410MEL8,1;1;1;1;1,上海,上海市,南汇区,航头镇航头路1859号,201300,储旁,15691105632
T3G0b60yIlvGi2D@139.com,92adNxaKv,B00JOERUQU;B00EI6DH8E;B00DQID0P0;B0012ZZ1W4;B00410MEL8,1;1;1;1;1,上海,上海市,南汇区,航头镇航头路988弄1934号,201300,敖啤,18254046215
vFQ7C470kuXh@139.com,SUe693,B00JOERUQU;B00EI6DH8E;B00DQID0P0;B0012ZZ1W4;B00410MEL8,1;1;1;1;1,上海,上海市,南汇区,航头镇航鹤路1992号,201300,柳撑,18547947221
K9269UfpRc9P5@139.com,82wHjuE,B00JOERUQU;B00EI6DH8E;B00DQID0P0;B0012ZZ1W4;B00410MEL8,1;1;1;1;1,上海,上海市,南汇区,航头镇航吉路1764号,201300,卞扁,15234061308
CNpZ9m693UeHR@139.com,cE5z25W2,B00JOERUQU;B00EI6DH8E;B00DQID0P0;B0012ZZ1W4;B00410MEL8,1;1;1;1;1,上海,上海市,南汇区,航头镇檀香村1557号,201300,蒋巢,13682952240
k5W148e@139.com,OrbMoY,B00JOERUQU;B00EI6DH8E;B00DQID0P0;B0012ZZ1W4;B00410MEL8,1;1;1;1;1,上海,上海市,南汇区,航头镇下沙路1348号,201300,施握,18767902703
E5R158y@139.com,4814i147,B00JOERUQU;B00EI6DH8E;B00DQID0P0;B0012ZZ1W4;B00410MEL8,1;1;1;1;1,上海,上海市,南汇区,航头镇呈祥港路1853号,201300,谭迟,13845595898
7I3vFisDfP0c@139.com,N936uXHrU,B00JOERUQU;B00EI6DH8E;B00DQID0P0;B0012ZZ1W4;B00410MEL8,1;1;1;1;1,上海,上海市,南汇区,航头镇南馨佳苑1775号,201300,余精,18693127931
i2d92aCNxA@139.com,1u814U,B00JOERUQU;B00EI6DH8E;B00DQID0P0;B0012ZZ1W4;B00410MEL8,1;1;1;1;1,上海,上海市,南汇区,航头镇富田路1792号,201300,曹耗,13082157765
70eH036o3@139.com,69WYjTw9Q,B00JOERUQU;B00EI6DH8E;B00DQID0P0;B0012ZZ1W4;B00410MEL8,1;1;1;1;1,上海,上海市,南汇区,航头镇沿江村1987号,201300,邝埔,15924519592
G7t47qBdNYaL370@139.com,3V036C,B008MTPEKC;B00C19T9KU;B002Q0X41Y;B005PJZ32Q,1;1;1;1,上海,上海市,南汇区,,,游委,15294430654
HsuEpRC5O158@139.com,1gJtEGq4,B008MTPEKC;B00C19T9KU;B002Q0X41Y;B005PJZ32Q,1;1;1;1,上海,上海市,南汇区,,,熊寂,15652371667
cEpZ81W7147GRtD@139.com,O7B370,B0011EZY8W;B00FDIYQGS;B001P81FXW,1;1;3,上海,上海市,南汇区,航头镇航帆路1984号,201300,陶座,15127232039
815O1J81G7@139.com,tDgQB704a,B0011EZY8W;B00FDIYQGS;B001P81FXW,1;1;3,上海,上海市,南汇区,航头镇航川路1512号,201300,甄区,15813204352
o2a925IKvFi5C15@139.com,8cMXzKu1H,B0011EZY8W;B00FDIYQGS;B001P81FXW,1;1;3,上海,上海市,南汇区,航头镇航头路988弄1757号,201300,谭衰,15187684310
cEpZ81W7147GRtD@139.com,O7B370,B0011EZY8W;B00FDIYQGS;B001P81FXW,1;1;3,上海,上海市,南汇区,航头镇航头路988弄1747号,201300,陶座,15294430654
815O1J81G7@139.com,tDgQB704a,B0011EZY8W;B00FDIYQGS;B001P81FXW,1;1;3,上海,上海市,南汇区,航头镇牌楼村1235号,201300,甄区,15652371667
o8alNyIK1@139.com,48s4fpAkN,B0011EZY8W;B00FDIYQGS;B001P81FXW,1;1;3,上海,上海市,南汇区,航头镇航头路1528弄1878号,201300,臧撼,18290337908
592o8J58G@139.com,5TdoQa4,B0011EZY8W;B00FDIYQGS;B001P81FXW,1;1;3,上海,上海市,南汇区,航头镇航头路1859号,201300,崔怖,15691105632
1471I70@139.com,FqAdnX3k0,B0011EZY8W;B00FDIYQGS;B001P81FXW,1;1;3,上海,上海市,南汇区,航头镇航头路988弄1934号,201300,柏物,18254046215
1sC148c4x@139.com,zKuWHr0E,B0011EZY8W;B00FDIYQGS;B001P81FXW,1;1;3,上海,上海市,南汇区,航头镇航鹤路1992号,201300,原揭,18547947221
XzJUwH5@139.com,92o8258,B0011EZY8W;B00FDIYQGS;B001P81FXW,1;1;3,上海,上海市,南汇区,航头镇航吉路1764号,201300,楼衬,15234061308
pRcmOz04w0@139.com,370gqBd6,B0011EZY8W;B00FDIYQGS;B001P81FXW,1;1;3,上海,上海市,南汇区,航头镇檀香村1557号,201300,苗豌,13682952240
pScMPz8M@139.com,5815EhR,B0011EZY8W;B00FDIYQGS;B001P81FXW,1;1;3,上海,上海市,南汇区,航头镇下沙路1348号,201300,储旁,18767902703
T3G0b60yIlvGi2D@139.com,92adNxaKv,B0011EZY8W;B00FDIYQGS;B001P81FXW,1;1;3,上海,上海市,南汇区,航头镇呈祥港路1853号,201300,敖啤,13845595898
vFQ7C470kuXh@139.com,SUe693,B0011EZY8W;B00FDIYQGS;B001P81FXW,1;1;3,,,,,,柳撑,
K9269UfpRc9P5@139.com,82wHjuE,B0011EZY8W;B00FDIYQGS;B001P81FXW,1;1;3,,,,,,卞扁,
cEpZ81W7147GRtD@139.com,O7B370,B00KZ6YWDU;B001P81FXW;B00410MEL8,2;5;1,上海,上海市,南汇区,航头镇航都路1638号,201300,陶座,18671176900
o8alNyIK1@139.com,48s4fpAkN,B00KZ6YWDU;B001P81FXW;B00410MEL8,2;5;1,上海,上海市,南汇区,航头镇航头路1652号,201300,臧撼,13946941422
,,,,,,,,,,
,,,,,,,,,,
1C7p47MXhJu@139.com,eH360o,B0011EZY8W;B001P81FXW,1;1,上海,上海市,南汇区,航头镇航梅路1508号,201300,成球,15864484056
1Xh1U7P4@163.com,cMozJm6,B0011EZY8W;B001P81FXW,1;1,上海,上海市,南汇区,航头镇南航路1930号,201300,莫阴,18635334607
25Y2581i@139.com,TdfQaD,B0011EZY8W;B001P81FXW,1;1,上海,上海市,南汇区,航头镇航中路1602号,201300,曾回,15360597285
48u4814epZ@163.com,b0W703,B0011EZY8W;B001P81FXW,1;1,上海,上海市,南汇区,航头镇航头路158弄1531号,201300,阎希,18190787308
5825Y1581IT@gmail.com,dFQa4714,B0011EZY8W;B001P81FXW,1;1,上海,上海市,南汇区,航头镇航头北路1416号,201300,鄢益,18619033172
6iSDfQac@163.com,259K5XHsU,B0011EZY8W;B001P81FXW,1;1,上海,上海市,南汇区,航头镇航川路1240号,201300,司悔,18747596796
6yjTeG6@gmail.com,926y2lvY,B0011EZY8W;B001P81FXW,1;1,上海,上海市,南汇区,航头镇航定路1421号,201300,郎男,15996022278
7CnpZ3m03@139.com,6UeHrcE,B0011EZY8W;B001P81FXW,1;1,上海,上海市,南汇区,航头镇飞桥村1247号,201300,池姆,15740556202
825K1f81CMpZkm@163.com,W714e0RbE,B0011EZY8W;B001P81FXW,1;1,上海,上海市,南汇区,航头镇下沙路1569号,201300,宫嗡,15931415736
82y8158iTDf@163.com,4a1471K7,B0011EZY8W;B001P81FXW,1;1,上海,上海市,南汇区,航头镇航头路158弄1959号,201300,万殴,13631905260
B9W6925g@163.com,258O5B15,B0011EZY8W;B001P81FXW,1;1,上海,上海市,南汇区,航头镇航鹤路78弄1445号,201300,陆楔,15821213295
d82a8n58ku@163.com,814U1P,B0011EZY8W;B001P81FXW,1;1,上海,上海市,南汇区,航头镇航达路1459号,201300,明彼,13670256701
"EoRBlOy5814I14@sina.com.cn;"""";""""",fqAdN47,B0011EZY8W;B001P81FXW,1;1,上海,上海市,南汇区,航头镇鹤立东路1829号,201300,宁彪,18189623684
h04ePzcM3Z@163.com,03W0rTe,B0011EZY8W;B001P81FXW,1;1,上海,上海市,南汇区,航头镇枫林雅苑1822号,201300,曹饼,13969440827
I5c258CmX1@163.com,5U1h81EPr,B0011EZY8W;B001P81FXW,1;1,上海,上海市,南汇区,航头镇下沙新街1926号,201300,查庞,13321737594
"k0470cfPz6M3693@sina.com.cn;"""";""""",WhRUe2R9,B0011EZY8W;B001P81FXW,1;1,上海,上海市,南汇区,航头镇檀香村1489号,201300,边魂,18923717092
N369u6936@163.com,ePRb2o,B0011EZY8W;B001P81FXW,1;1,上海,上海市,南汇区,航头镇航头路158弄1508号,201300,管躲,13993834130
O8i481Is@163.com,147A4703,B0011EZY8W;B001P81FXW,1;1,上海,上海市,南汇区,航头镇鹤楼路1359号,201300,项茅,13865187580
P14M1ZjmW@gmail.com,7J47G370,B0011EZY8W;B001P81FXW,1;1,上海,上海市,南汇区,航头镇商城路1435号,201300,易置,18233740308
s2f82cMPzK@163.com,mx814E14,B0011EZY8W;B001P81FXW,1;1,上海,上海市,南汇区,航头镇航业路1975号,201300,殷繁,15888013335
SDnQa36@163.com,92KvFhs,B0011EZY8W;B001P81FXW,1;1,上海,上海市,南汇区,航头镇航南公路1360号,201300,卫躬,15181004841
vFh6C369@sina.com.cn,3MxZKu,B0011EZY8W;B001P81FXW,1;1,上海,上海市,南汇区,航头镇鹤楼路1883号,201300,明考,13266404704
k0470cfPz6M3693@sina.com.cn,WhRUe2R9,B0011EZY8W;B001P81FXW,1;1,上海,上海市,南汇区,航头镇兴成路1517号,201300,边魂                                                                                                                                                                                                                                                      ,15816344799
EoRBlOy5814I14@sina.com.cn,fqAdN47,B0011EZY8W;B001P81FXW,1;1,上海,上海市,南汇区,航头镇航达路1847号,201300,宁彪                                                                                                                                                                                                                                                      ,13880873767
92m9Z58WhJ@sohu.com,teG148,B0011EZY8W;B001P81FXW,1;1,上海,上海市,南汇区,航头镇商城路1970号,201300,鞠爱                                                                                                                                                                                                                                                      ,13521619894
04o0B70yiTvG@sohu.com,Qs693A,B0011EZY8W;B001P81FXW,1;1,上海,上海市,南汇区,航头镇下沙路1922号,201300,姜谢                                                                                                                                                                                                                                                      ,13221023370
g925oQbL@msn.com,O5I158i,B0011EZY8W;B001P81FXW,1;1,上海,上海市,南汇区,航头镇鹤立东路1662号,201300,刁剃                                                                                                                                                                                                                                                      ,13454305690
,,,,,,,,,,
,,,,,,,,,,
4T147a4714sVF7@139.com,0c7036MxH,B00L9OAWT0;B00119C2I2;B0064GLJZY;B008YQPRSW;B0011A97ZC,1;13;1;1;2,上海,上海市,南汇区,航头镇富航路1647号,201300,詹更,18548412670
6n269U5925EPz8@139.com,1w8158gRT,B00L9OAWT0;B00119C2I2;B0064GLJZY;B008YQPRSW;B0011A97ZC,1;13;1;1;2,上海,上海市,南汇区,航头镇下沙老街1955号,201300,雍桓,15767209879
6O360wG@139.com,jt6g2B,B00L9OAWT0;B00119C2I2;B0064GLJZY;B008YQPRSW;B0011A97ZC,1;13;1;1;2,上海,上海市,南汇区,航头镇南航路1743号,201300,仲苟,15243549525
8nPzkM7147@139.com,0HrBeoZb,B001P81FXW;B00C19T9KU;B008YQPRSW;B0011A97ZC,1;1;1;2,上海,上海市,南汇区,航头镇航南路1919号,201300,包皖,18655972214
q4CnPak4x14u@139.com,0HrCeoZ,B001P81FXW;B00C19T9KU;B008YQPRSW;B0011A97ZC,1;1;1;2,上海,上海市,南汇区,航头镇南馨佳苑1537号,201300,阮建,13844100574
V147cNpzK@139.com,7X470e,B001P81FXW;B00C19T9KU;B008YQPRSW;B0011A97ZC,1;1;1;2,上海,上海市,南汇区,航头镇飞桥村1906号,201300,干粤,15079260743
C7o470WzJt@139.com,w0r603Q,B001P81FXW;B00C19T9KU;B008YQPRSW;B0011A97ZC,1;1;1;2,上海,上海市,南汇区,航头镇航梅路1508号,201300,黄喜                                                                                                                                                                                                                                                      ,15864484056
269QBl25i2@139.com,582sDnpA1,B001P81FXW;B00C19T9KU;B008YQPRSW;B0011A97ZC,1;1;1;2,上海,上海市,南汇区,航头镇南航路1930号,201300,魏完                                                                                                                                                                                                                                                      ,18635334607
